{"RuleTriggered": 0, "Violations": 394, "Details": {"low_gpu_utilization": 845, "bottlenecks": {"1665581430.50302": {"GPUs": 1, "CPUs": 1}, "1665581431.003147": {"GPUs": 1, "CPUs": 4}, "1665581432.003062": {"GPUs": 1, "CPUs": 2}, "1665581432.503484": {"GPUs": 1, "CPUs": 3}, "1665581433.002946": {"GPUs": 1, "CPUs": 3}, "1665581433.503558": {"GPUs": 1, "CPUs": 4}, "1665581434.00294": {"GPUs": 1, "CPUs": 3}, "1665581434.536599": {"GPUs": 1, "CPUs": 2}, "1665581435.005777": {"GPUs": 1, "CPUs": 4}, "1665581435.505752": {"GPUs": 1, "CPUs": 2}, "1665581436.002981": {"GPUs": 1, "CPUs": 4}, "1665581436.511174": {"GPUs": 1, "CPUs": 4}, "1665581437.009227": {"GPUs": 1, "CPUs": 4}, "1665581437.508814": {"GPUs": 1, "CPUs": 4}, "1665581438.003891": {"GPUs": 1, "CPUs": 4}, "1665581438.507597": {"GPUs": 1, "CPUs": 4}, "1665581439.002967": {"GPUs": 1, "CPUs": 4}, "1665581439.514966": {"GPUs": 1, "CPUs": 4}, "1665581440.504722": {"GPUs": 1, "CPUs": 4}, "1665581441.003151": {"GPUs": 1, "CPUs": 4}, "1665581441.504346": {"GPUs": 1, "CPUs": 4}, "1665581442.01941": {"GPUs": 1, "CPUs": 4}, "1665581442.50494": {"GPUs": 1, "CPUs": 4}, "1665581443.503764": {"GPUs": 1, "CPUs": 4}, "1665581444.002997": {"GPUs": 1, "CPUs": 4}, "1665581444.503018": {"GPUs": 1, "CPUs": 4}, "1665581445.006137": {"GPUs": 1, "CPUs": 4}, "1665581445.512752": {"GPUs": 1, "CPUs": 4}, "1665581446.002934": {"GPUs": 1, "CPUs": 4}, "1665581446.503315": {"GPUs": 1, "CPUs": 3}, "1665581447.012686": {"GPUs": 1, "CPUs": 3}, "1665581447.502981": {"GPUs": 1, "CPUs": 4}, "1665581448.004159": {"GPUs": 1, "CPUs": 3}, "1665581448.503941": {"GPUs": 1, "CPUs": 4}, "1665581449.002937": {"GPUs": 1, "CPUs": 4}, "1665581449.503539": {"GPUs": 1, "CPUs": 3}, "1665581450.004795": {"GPUs": 1, "CPUs": 3}, "1665581450.503329": {"GPUs": 1, "CPUs": 1}, "1665581452.50732": {"GPUs": 1, "CPUs": 4}, "1665581456.502977": {"GPUs": 1, "CPUs": 1}, "1665581457.010232": {"GPUs": 1, "CPUs": 3}, "1665581457.50295": {"GPUs": 1, "CPUs": 3}, "1665581458.002933": {"GPUs": 1, "CPUs": 3}, "1665581458.504724": {"GPUs": 1, "CPUs": 1}, "1665581460.004098": {"GPUs": 1, "CPUs": 1}, "1665581460.504699": {"GPUs": 1, "CPUs": 4}, "1665581461.007568": {"GPUs": 1, "CPUs": 4}, "1665581461.52121": {"GPUs": 1, "CPUs": 4}, "1665581462.002939": {"GPUs": 1, "CPUs": 4}, "1665581462.503577": {"GPUs": 1, "CPUs": 4}, "1665581463.002934": {"GPUs": 1, "CPUs": 3}, "1665581464.003687": {"GPUs": 1, "CPUs": 3}, "1665581464.503033": {"GPUs": 1, "CPUs": 2}, "1665581465.503989": {"GPUs": 1, "CPUs": 1}, "1665581466.00326": {"GPUs": 1, "CPUs": 4}, "1665581466.505445": {"GPUs": 1, "CPUs": 4}, "1665581467.009184": {"GPUs": 1, "CPUs": 4}, "1665581467.508811": {"GPUs": 1, "CPUs": 3}, "1665581468.005046": {"GPUs": 1, "CPUs": 4}, "1665581468.503132": {"GPUs": 1, "CPUs": 4}, "1665581469.002989": {"GPUs": 1, "CPUs": 2}, "1665581469.505253": {"GPUs": 1, "CPUs": 4}, "1665581470.003277": {"GPUs": 1, "CPUs": 4}, "1665581470.502926": {"GPUs": 1, "CPUs": 1}, "1665581472.002948": {"GPUs": 1, "CPUs": 1}, "1665581472.50299": {"GPUs": 1, "CPUs": 1}, "1665581473.002946": {"GPUs": 1, "CPUs": 1}, "1665581473.50292": {"GPUs": 1, "CPUs": 1}, "1665581474.006662": {"GPUs": 1, "CPUs": 2}, "1665581474.502944": {"GPUs": 1, "CPUs": 2}, "1665581475.003204": {"GPUs": 1, "CPUs": 2}, "1665581475.505611": {"GPUs": 1, "CPUs": 2}, "1665581476.002962": {"GPUs": 1, "CPUs": 2}, "1665581478.003405": {"GPUs": 1, "CPUs": 1}, "1665581480.513472": {"GPUs": 1, "CPUs": 4}, "1665581481.004165": {"GPUs": 1, "CPUs": 4}, "1665581481.51679": {"GPUs": 1, "CPUs": 4}, "1665581482.503015": {"GPUs": 1, "CPUs": 1}, "1665581483.002946": {"GPUs": 1, "CPUs": 3}, "1665581483.502976": {"GPUs": 1, "CPUs": 1}, "1665581484.002963": {"GPUs": 1, "CPUs": 4}, "1665581484.502959": {"GPUs": 1, "CPUs": 2}, "1665581486.502953": {"GPUs": 1, "CPUs": 1}, "1665581487.004552": {"GPUs": 1, "CPUs": 1}, "1665581487.502954": {"GPUs": 1, "CPUs": 1}, "1665581488.002923": {"GPUs": 1, "CPUs": 1}, "1665581488.507078": {"GPUs": 1, "CPUs": 1}, "1665581490.50297": {"GPUs": 1, "CPUs": 2}, "1665581491.006258": {"GPUs": 1, "CPUs": 1}, "1665581494.002947": {"GPUs": 1, "CPUs": 2}, "1665581495.002982": {"GPUs": 1, "CPUs": 2}, "1665581496.005514": {"GPUs": 1, "CPUs": 1}, "1665581498.503825": {"GPUs": 1, "CPUs": 3}, "1665581499.002961": {"GPUs": 1, "CPUs": 1}, "1665581500.00296": {"GPUs": 1, "CPUs": 1}, "1665581500.502933": {"GPUs": 1, "CPUs": 1}, "1665581501.512707": {"GPUs": 1, "CPUs": 2}, "1665581502.002993": {"GPUs": 1, "CPUs": 1}, "1665581503.002933": {"GPUs": 1, "CPUs": 1}, "1665581503.503934": {"GPUs": 1, "CPUs": 2}, "1665581504.002972": {"GPUs": 1, "CPUs": 2}, "1665581504.502967": {"GPUs": 1, "CPUs": 1}, "1665581510.503738": {"GPUs": 1, "CPUs": 3}, "1665581514.003009": {"GPUs": 1, "CPUs": 1}, "1665581519.502927": {"GPUs": 1, "CPUs": 2}, "1665581520.002942": {"GPUs": 1, "CPUs": 2}, "1665581520.502949": {"GPUs": 1, "CPUs": 3}, "1665581521.005443": {"GPUs": 1, "CPUs": 3}, "1665581522.51003": {"GPUs": 1, "CPUs": 3}, "1665581523.504077": {"GPUs": 1, "CPUs": 2}, "1665581524.002968": {"GPUs": 1, "CPUs": 3}, "1665581524.503229": {"GPUs": 1, "CPUs": 1}, "1665581525.502949": {"GPUs": 1, "CPUs": 2}, "1665581526.002921": {"GPUs": 1, "CPUs": 1}, "1665581526.502949": {"GPUs": 1, "CPUs": 1}, "1665581527.002957": {"GPUs": 1, "CPUs": 1}, "1665581527.502954": {"GPUs": 1, "CPUs": 2}, "1665581528.002941": {"GPUs": 1, "CPUs": 1}, "1665581529.002918": {"GPUs": 1, "CPUs": 1}, "1665581530.002958": {"GPUs": 1, "CPUs": 1}, "1665581531.002958": {"GPUs": 1, "CPUs": 2}, "1665581531.502952": {"GPUs": 1, "CPUs": 1}, "1665581532.002956": {"GPUs": 1, "CPUs": 1}, "1665581538.502931": {"GPUs": 1, "CPUs": 1}, "1665581539.003726": {"GPUs": 1, "CPUs": 2}, "1665581539.503665": {"GPUs": 1, "CPUs": 2}, "1665581543.002934": {"GPUs": 1, "CPUs": 1}, "1665581543.502942": {"GPUs": 1, "CPUs": 1}, "1665581544.002936": {"GPUs": 1, "CPUs": 1}, "1665581544.502954": {"GPUs": 1, "CPUs": 1}, "1665581545.002942": {"GPUs": 1, "CPUs": 1}, "1665581545.503722": {"GPUs": 1, "CPUs": 1}, "1665581546.002949": {"GPUs": 1, "CPUs": 1}, "1665581546.502949": {"GPUs": 1, "CPUs": 1}, "1665581547.002959": {"GPUs": 1, "CPUs": 1}, "1665581554.502976": {"GPUs": 1, "CPUs": 1}, "1665581560.003151": {"GPUs": 1, "CPUs": 1}, "1665581560.502976": {"GPUs": 1, "CPUs": 1}, "1665581563.502929": {"GPUs": 1, "CPUs": 1}, "1665581564.002946": {"GPUs": 1, "CPUs": 1}, "1665581564.502954": {"GPUs": 1, "CPUs": 1}, "1665581565.00295": {"GPUs": 1, "CPUs": 1}, "1665581565.502944": {"GPUs": 1, "CPUs": 1}, "1665581566.002947": {"GPUs": 1, "CPUs": 1}, "1665581566.502968": {"GPUs": 1, "CPUs": 1}, "1665581567.002962": {"GPUs": 1, "CPUs": 1}, "1665581567.502947": {"GPUs": 1, "CPUs": 1}, "1665581568.002959": {"GPUs": 1, "CPUs": 1}, "1665581568.502946": {"GPUs": 1, "CPUs": 1}, "1665581569.002933": {"GPUs": 1, "CPUs": 1}, "1665581569.502949": {"GPUs": 1, "CPUs": 1}, "1665581570.002934": {"GPUs": 1, "CPUs": 1}, "1665581584.502939": {"GPUs": 1, "CPUs": 1}, "1665581585.003796": {"GPUs": 1, "CPUs": 1}, "1665581585.504659": {"GPUs": 1, "CPUs": 1}, "1665581586.002944": {"GPUs": 1, "CPUs": 1}, "1665581586.50476": {"GPUs": 1, "CPUs": 1}, "1665581587.002938": {"GPUs": 1, "CPUs": 1}, "1665581590.002981": {"GPUs": 1, "CPUs": 1}, "1665581591.002956": {"GPUs": 1, "CPUs": 1}, "1665581594.503805": {"GPUs": 1, "CPUs": 1}, "1665581596.003565": {"GPUs": 1, "CPUs": 1}, "1665581599.004952": {"GPUs": 1, "CPUs": 1}, "1665581603.002963": {"GPUs": 1, "CPUs": 1}, "1665581603.502938": {"GPUs": 1, "CPUs": 1}, "1665581605.50293": {"GPUs": 1, "CPUs": 1}, "1665581606.003537": {"GPUs": 1, "CPUs": 1}, "1665581606.50426": {"GPUs": 1, "CPUs": 2}, "1665581608.003684": {"GPUs": 1, "CPUs": 1}, "1665581609.515156": {"GPUs": 1, "CPUs": 2}, "1665581610.014663": {"GPUs": 1, "CPUs": 2}, "1665581610.502944": {"GPUs": 1, "CPUs": 1}, "1665581611.005902": {"GPUs": 1, "CPUs": 1}, "1665581611.507842": {"GPUs": 1, "CPUs": 4}, "1665581612.003072": {"GPUs": 1, "CPUs": 4}, "1665581612.502939": {"GPUs": 1, "CPUs": 4},