{"RuleTriggered": 0, "Violations": 55, "Details": {"low_gpu_utilization": 845, "bottlenecks": {"1665581472.50299": {"GPUs": 1, "CPUs": 1}, "1665581473.002946": {"GPUs": 1, "CPUs": 1}, "1665581474.006662": {"GPUs": 1, "CPUs": 1}, "1665581474.502944": {"GPUs": 1, "CPUs": 1}, "1665581475.505611": {"GPUs": 1, "CPUs": 2}, "1665581486.502953": {"GPUs": 1, "CPUs": 1}, "1665581487.004552": {"GPUs": 1, "CPUs": 1}, "1665581487.502954": {"GPUs": 1, "CPUs": 1}, "1665581500.00296": {"GPUs": 1, "CPUs": 1}, "1665581500.502933": {"GPUs": 1, "CPUs": 1}, "1665581503.002933": {"GPUs": 1, "CPUs": 2}, "1665581503.503934": {"GPUs": 1, "CPUs": 1}, "1665581504.002972": {"GPUs": 1, "CPUs": 2}, "1665581504.502967": {"GPUs": 1, "CPUs": 1}, "1665581520.002942": {"GPUs": 1, "CPUs": 1}, "1665581520.502949": {"GPUs": 1, "CPUs": 1}, "1665581526.002921": {"GPUs": 1, "CPUs": 1}, "1665581526.502949": {"GPUs": 1, "CPUs": 1}, "1665581527.002957": {"GPUs": 1, "CPUs": 2}, "1665581527.502954": {"GPUs": 1, "CPUs": 2}, "1665581528.002941": {"GPUs": 1, "CPUs": 1}, "1665581528.502937": {"GPUs": 1, "CPUs": 1}, "1665581529.002918": {"GPUs": 1, "CPUs": 2}, "1665581530.002958": {"GPUs": 1, "CPUs": 1}, "1665581530.502938": {"GPUs": 1, "CPUs": 1}, "1665581531.002958": {"GPUs": 1, "CPUs": 2}, "1665581531.502952": {"GPUs": 1, "CPUs": 2}, "1665581532.002956": {"GPUs": 1, "CPUs": 1}, "1665581532.502935": {"GPUs": 1, "CPUs": 2}, "1665581539.003726": {"GPUs": 1, "CPUs": 2}, "1665581543.002934": {"GPUs": 1, "CPUs": 1}, "1665581543.502942": {"GPUs": 1, "CPUs": 1}, "1665581544.002936": {"GPUs": 1, "CPUs": 1}, "1665581544.502954": {"GPUs": 1, "CPUs": 1}, "1665581545.002942": {"GPUs": 1, "CPUs": 1}, "1665581545.503722": {"GPUs": 1, "CPUs": 1}, "1665581546.002949": {"GPUs": 1, "CPUs": 1}, "1665581546.502949": {"GPUs": 1, "CPUs": 1}, "1665581547.002959": {"GPUs": 1, "CPUs": 1}, "1665581547.502935": {"GPUs": 1, "CPUs": 1}, "1665581554.502976": {"GPUs": 1, "CPUs": 1}, "1665581563.502929": {"GPUs": 1, "CPUs": 1}, "1665581564.002946": {"GPUs": 1, "CPUs": 1}, "1665581564.502954": {"GPUs": 1, "CPUs": 2}, "1665581565.00295": {"GPUs": 1, "CPUs": 1}, "1665581565.502944": {"GPUs": 1, "CPUs": 1}, "1665581566.002947": {"GPUs": 1, "CPUs": 1}, "1665581566.502968": {"GPUs": 1, "CPUs": 1}, "1665581567.002962": {"GPUs": 1, "CPUs": 1}, "1665581567.502947": {"GPUs": 1, "CPUs": 1}, "1665581568.002959": {"GPUs": 1, "CPUs": 2}, "1665581568.502946": {"GPUs": 1, "CPUs": 1}, "1665581569.002933": {"GPUs": 1, "CPUs": 1}, "1665581569.502949": {"GPUs": 1, "CPUs": 1}, "1665581570.002934": {"GPUs": 1, "CPUs": 1}}}, "Datapoints": 1067, "RuleParameters": "threshold:50\nio_threshold:50\ngpu_threshold:10\npatience:1000"}