{"RuleTriggered": 0, "Violations": 0, "Details": {"step_num": {"first": 1665581591174442, "last": 1665581891943893}, "job_start": 1665581430.002964, "job_end": 1665581939.503294}, "Datapoints": 239, "RuleParameters": "threshold:20"}