{"RuleTriggered": 0, "Violations": 0, "Details": {"ratio": {"gpu_functions-dev:0": 53.36842447070883, "cpu_functions": 46.63157552929117}, "phase": {"Step:ModeKeys.TRAIN": 27.754525221679472, "others": 66.24525340955032, "Step:ModeKeys.EVAL": 6.000221368770204}, "phase_time": {}, "CPU": {"conv2d": 17.258818347519266, "convolution": 17.011629163365942, "_convolution": 16.845921769533696, "cudnn_convolution": 14.996743062205276, "to": 14.803805687817514, "copy_": 15.59626309043312, "addmm": 3.486818879125189}, "CPU_total": {"conv2d": 2736187, "convolution": 2696998, "_convolution": 2670727, "cudnn_convolution": 2377561, "to": 2346973, "copy_": 2472608, "addmm": 552795}, "GPU": {"conv2d": 16.91291667581474, "convolution": 16.89879418422751, "_convolution": 16.887678621941802, "cudnn_convolution": 16.79055003259894, "batch_norm": 2.2466852979612386, "_batch_norm_impl_index": 2.236699322873463, "to": 12.21837349413564, "copy_": 12.89400982560553, "addmm": 2.9142925448411656}, "GPU_total": {"conv2d": 3189175, "convolution": 3186512, "_convolution": 3184416, "cudnn_convolution": 3166101, "batch_norm": 423645, "_batch_norm_impl_index": 421762, "to": 2303951, "copy_": 2431352, "addmm": 549532}, "general": {"Forward": 100.0}}, "Datapoints": 0, "RuleParameters": ""}